0.385204599,0.183010868,0.545165886,0.598325936,-1
0.065588175,0.515544411,0.645150036,0.390085094,-1
0.554554298,0.11103005,0.21726365,0.703675876,-1
0.307584125,0.117352673,0.56860932,0.171143096,-1
0.527311485,0.593813009,0.023508374,0.393044665,-1
0.803195103,0.379869833,0.366775796,0.26727046,-1
0.702871799,0.137652365,0.485538666,0.009205348,-1
0.200697526,0.170400709,0.585402274,0.113856487,-1
0.961631588,0.419472045,0.864935386,0.78946901,1
0.764385516,0.321606853,0.799219327,0.077857437,-1
0.298399709,0.607384191,0.643155052,0.83734685,1
0.334610901,0.298434643,0.556043452,0.508636942,-1
0.808139525,0.037875437,0.961467109,0.511487679,1
0.698091051,0.904061034,0.684651895,0.770916434,1
0.109887067,0.216205818,0.800344503,0.176257314,-1
0.60130314,0.761459785,0.428002522,0.306252835,-1
0.315199106,0.841955109,0.331077357,0.970240364,1
0.738416265,0.558167482,0.719822406,0.621999812,1
0.07424271,0.578252983,0.181949818,0.492108995,-1
0.050095639,0.07405528,0.935284133,0.990497939,1
0.065645681,0.581080923,0.327140484,0.077717331,-1
0.580645904,0.825388831,0.615434123,0.556278217,1
0.535485048,0.384135389,0.928577129,0.647944174,1
0.958343414,0.753185427,0.990232605,0.495352414,1
0.136298657,0.595093308,0.739296741,0.943720824,1
0.287440162,0.759853959,0.60651015,0.848202787,1
0.368762642,0.00072251,0.611432214,0.332844824,-1
0.870204819,0.055329846,0.004841029,0.656872797,-1
0.386685447,0.101131303,0.242767353,0.27259453,-1
0.71349918,0.212393664,0.183278941,0.076599486,-1
0.790226828,0.797552932,0.542872139,0.942823448,1
0.21677113,0.550588739,0.536095988,0.203717251,-1
0.302758089,0.943412253,0.903150545,0.526127369,1
0.786978028,0.969129574,0.062111071,0.464101826,-1
0.903537649,0.735023475,0.214703482,0.104841371,-1
0.38083725,0.631419499,0.899889199,0.540212312,1
0.071383793,0.466119428,0.693729776,0.169037842,-1
0.135933433,0.967272523,0.666038535,0.979828208,1
0.283784332,0.999514355,0.446258393,0.285360717,-1
0.319594765,0.303660922,0.648027275,0.825867394,1
0.811390664,0.419553788,0.232325433,0.563445204,-1
0.79808349,0.060786652,0.63438781,0.834210149,1
0.149601567,0.720606633,0.074279733,0.17483633,-1
0.108528619,0.857501258,0.052870901,0.105243293,-1
0.136949854,0.059706168,0.19472123,0.328733695,-1
0.00216161,0.058575482,0.131057938,0.244877633,-1
0.019798656,0.26604637,0.99413464,0.492080954,1
0.479075381,0.85140612,0.111696563,0.233216094,-1
0.259145963,0.007846211,0.970974882,0.602507845,1
0.236532058,0.176124489,0.791971105,0.482220453,-1
0.998387272,0.409144228,0.892378646,0.661596731,1
0.841022884,0.435203664,0.506696075,0.934002835,1
0.251645651,0.94530848,0.834253397,0.415543529,1
0.66205474,0.943090393,0.827098814,0.302713717,1
0.649294423,0.470122014,0.58372351,0.154850409,-1
0.913368547,0.768140198,0.581167675,0.131482942,-1
0.259724877,0.588863868,0.087597672,0.66268723,-1
0.756069992,0.303319232,0.134542159,0.400396187,-1
0.099061263,0.103092066,0.280319509,0.249092227,-1
0.724549451,0.598564825,0.904600266,0.95482303,1
0.111446346,0.692442353,0.982471993,0.432077663,1
0.178224545,0.694825433,0.691880016,0.409400568,1
0.344903628,0.218482921,0.011101496,0.397995151,-1
0.252646601,0.685152333,0.816292428,0.64489062,1
0.896415157,0.036642001,0.249572675,0.97605446,1
0.960270085,0.994816926,0.10515353,0.008292572,-1
0.954736644,0.484451708,0.187360684,0.495678661,-1
0.674191882,0.420279088,0.495883312,0.851008025,1
0.930604435,0.277828123,0.359132511,0.560417545,-1
0.217425144,0.795933583,0.388289831,0.095517438,-1
0.231371694,0.891834137,0.187664574,0.468430282,-1
0.175780186,0.767913085,0.909676988,0.107943048,-1
0.710743949,0.128348157,0.966588993,0.737087393,1
0.854182781,0.045827948,0.940584827,0.272036379,-1
0.204167001,0.980288335,0.106656286,0.948031123,1
0.504267966,0.676174413,0.089791496,0.309542749,-1
0.846552966,0.590518525,0.313147555,0.91907241,1
0.065345321,0.335244496,0.804276335,0.572559223,1
0.06141307,0.573288781,0.062264519,0.030591669,-1
0.68133947,0.37472238,0.453163866,0.245416527,-1
0.2090986,0.217039707,0.600771079,0.3866497,-1
0.68306739,0.369753681,0.534238786,0.636779504,1
0.886734249,0.119626592,0.705855417,0.37480408,-1
0.558221895,0.21712554,0.117442332,0.517074768,-1
0.783560893,0.620495794,0.611126924,0.103665455,-1
0.670688508,0.410297019,0.261830771,0.762018233,1
0.812787649,0.989072397,0.829857581,0.143517237,1
0.964685887,0.704594757,0.088022728,0.972861227,1
0.31413647,0.717699451,0.784926665,0.528682614,1
0.955540675,0.319858067,0.217391464,0.542540802,-1
0.829626465,0.767668486,0.102680279,0.467561991,-1
0.283207934,0.339805695,0.652862224,0.409132326,-1
0.911682797,0.286305252,0.76616358,0.93994596,1
0.74240843,0.265633542,0.128434424,0.960584521,1
0.094464122,0.966707676,0.85256813,0.044667458,-1
0.801522495,0.456049303,0.272652328,0.359624603,-1
0.012831463,0.401893715,0.371434903,0.267055035,-1
0.497532223,0.739555002,0.06705266,0.964239039,1
0.102716521,0.853521303,0.183713706,0.805076624,1
0.666890674,0.77509781,0.550092744,0.149575853,-1
0.5071222,0.809030871,0.930661668,0.0416711,1
0.39748044,0.003160638,0.724231303,0.651904464,1
0.383952857,0.822114027,0.838944306,0.081266876,-1
0.560456745,0.655340644,0.355279346,0.782808105,1
0.11362958,0.523013503,0.45287301,0.886650895,1
0.16065304,0.697690271,0.24083389,0.120572939,-1
0.612453657,0.358011072,0.185533104,0.701765378,-1
0.030359914,0.771572068,0.568552569,0.575777037,1
0.071939161,0.571561684,0.077626941,0.126673813,-1
0.083670895,0.165505065,0.185222496,0.049371465,-1
0.964843417,0.179883628,0.306176808,0.422851683,-1
0.947221572,0.602457037,0.954022078,0.254084769,1
0.085381933,0.201416107,0.794802726,0.370121519,-1
0.288031265,0.159263594,0.890069747,0.653771227,1
0.724122162,0.207407165,0.743110547,0.270965919,-1
0.570289282,0.948331531,0.433298952,0.890362287,1
0.81730831,0.33499645,0.014796072,0.503616249,-1
0.290310617,0.286510504,0.042893988,0.514369679,-1
0.055877186,0.265508911,0.102391193,0.362228776,-1
0.491182925,0.312277021,0.821148416,0.79062407,1
0.259196071,0.787334016,0.67484884,0.034151626,-1
0.132456216,0.685160736,0.975380409,0.015479578,-1
0.742875079,0.345141424,0.997321934,0.860626907,1
0.395281478,0.203035943,0.987641532,0.01552931,-1
0.572626701,0.492748538,0.9422984,0.528135567,1
0.030883254,0.210873695,0.88445864,0.225238659,-1
0.414134401,0.893114499,0.919917214,0.623261929,1
0.342770881,0.224634126,0.091888725,0.864586444,-1
0.538325955,0.061458619,0.345709347,0.199311533,-1
0.080298339,0.875050484,0.210001321,0.811000306,1
0.754467389,0.260594421,0.773435212,0.529014829,1
0.387953955,0.050480267,0.307453862,0.985155667,1
0.584702493,0.749352055,0.305648538,0.809262526,1
0.011085655,0.770921298,0.747427542,0.925271788,1
0.349459932,0.044338138,0.706529474,0.414628407,-1
0.929528279,0.962537501,0.063615826,0.665974939,1
0.096789086,0.733234644,0.258899391,0.924699872,1
0.884232427,0.781682176,0.829448257,0.521254602,1
0.941161999,0.705632416,0.155205201,0.320449032,-1
0.407292447,0.482105548,0.832647994,0.326946766,1
0.66864288,0.789813453,0.004062325,0.106885591,-1
0.539798701,0.649227676,0.427113668,0.824865507,1
0.561603152,0.860909288,0.133357812,0.242638994,-1
0.539150062,0.724064988,0.958217271,0.614495607,1
0.755087998,0.289209248,0.744592659,0.568969329,1
0.138846146,0.504773109,0.546619686,0.45215163,-1
0.042711596,0.386608096,0.061194059,0.280229672,-1
0.738109156,0.116315046,0.867963487,0.104176958,-1
0.695466068,0.369534114,0.891848576,0.814716667,1
0.622317978,0.314740307,0.047247935,0.938295329,1
0.908586944,0.498300268,0.964477616,0.913010148,1
0.94512002,0.149787113,0.424386416,0.446016493,-1
0.949625796,0.475672622,0.977296818,0.49031671,1
0.73921909,0.947996436,0.741391879,0.929036652,1
0.945138472,0.891551782,0.560471344,0.39999618,1
0.665220406,0.298253131,0.251831138,0.653863433,-1
0.513905209,0.486014654,0.24519934,0.127363999,-1
0.556546659,0.222646021,0.359634226,0.881434178,1
0.131356671,0.269565418,0.096626145,0.946026612,-1
0.073321858,0.997765331,0.657040293,0.312285423,1
0.192887829,0.08729614,0.88281217,0.093420988,-1
0.939252497,0.155032454,0.650406847,0.652870487,1
0.23299935,0.042759039,0.524047638,0.077893486,-1
0.302918395,0.033383567,0.037804477,0.204911157,-1
0.652714024,0.307703955,0.095127726,0.316567338,-1
0.738518384,0.883605215,0.133764463,0.607208512,1
0.609473543,0.235436165,0.837771934,0.921412075,1
0.280998811,0.930846493,0.924242039,0.118127013,1
0.676625651,0.990309074,0.278803356,0.117005013,-1
0.034694461,0.88470508,0.66588172,0.320837132,1
0.72244384,0.200842845,0.047239513,0.824033939,-1
0.334247128,0.263629292,0.419026746,0.595486278,-1
0.166700236,0.19215151,0.124256346,0.590687437,-1
0.582702751,0.466802716,0.439493949,0.99203156,1
0.147189433,0.533539064,0.078583954,0.496570844,-1
0.883218577,0.729542598,0.416191251,0.744888296,1
0.555614489,0.625604605,0.61179529,0.403600405,1
0.878821302,0.135979586,0.725650343,0.150793786,-1
0.033437395,0.291019523,0.937318412,0.064710739,-1
0.757571603,0.511932713,0.633009399,0.768144832,1
0.528326967,0.19649766,0.151572348,0.361828073,-1
0.267132853,0.811101991,0.555141987,0.307750071,-1
0.470194641,0.895295596,0.806851804,0.256635888,1
0.390019657,0.092997789,0.035498813,0.502137059,-1
0.69505965,0.395127767,0.827299258,0.171218011,-1
0.151109815,0.287313663,0.885030008,0.164032261,-1
0.367766481,0.809747709,0.796019964,0.885877157,1
0.365826407,0.662611818,0.123778326,0.849447483,1
0.795295351,0.367162879,0.521747906,0.353115844,-1
0.70965659,0.779578066,0.545235542,0.178953158,-1
0.459587817,0.600397679,0.513375494,0.793645279,1
0.14831836,0.89765949,0.993378095,0.510799497,1
0.094813493,0.627377861,0.648786811,0.35786016,-1
0.836916562,0.962515401,0.205033199,0.291428911,-1
0.474001859,0.236651371,0.179900621,0.173189685,-1
0.210185282,0.243069753,0.569230307,0.032952741,-1
0.837149607,0.549854507,0.574310087,0.584636394,1
0.020049911,0.237677147,0.006630058,0.311014989,-1
0.985030163,0.243393785,0.955140875,0.624441244,1
0.494986993,0.519061855,0.10100464,0.214789293,-1
0.611869047,0.977892429,0.118405798,0.17447578,-1
0.527632849,0.696948834,0.513735314,0.446139151,1
0.878746671,0.847687858,0.088946064,0.564555972,1
0.195725225,0.111942648,0.730796094,0.194436755,-1
0.062597939,0.96051812,0.14186955,0.124286368,-1
0.832594993,0.687686757,0.360637882,0.828574852,1
0.354935853,0.836636774,0.838466804,0.511707255,1
0.680807762,0.963062217,0.526582681,0.393995127,1
0.52993414,0.176947267,0.903905797,0.478931616,1
0.886188066,0.702161376,0.378782823,0.880095647,1
0.253261715,0.691349462,0.708576773,0.103122691,-1
0.219341604,0.636998736,0.388495447,0.232168988,-1
0.261069618,0.101342479,0.705778844,0.410577049,-1
0.447923829,0.836397687,0.881367789,0.122061709,1
0.725285984,0.914218417,0.216624151,0.563034922,1
0.611905514,0.31802268,0.527444816,0.251711231,-1
0.709762504,0.791068815,0.125490734,0.556844738,-1
0.7456369,0.63034453,0.975746453,0.137103127,1
0.383746509,0.005866808,0.984889824,0.094850466,-1
0.917441122,0.647280404,0.614195829,0.798247302,1
0.702832936,0.637099076,0.221380144,0.999997489,1
0.435549274,0.611229902,0.292171193,0.959260152,1
0.272691656,0.738347691,0.615515484,0.292810789,-1
0.956218057,0.991963257,0.220347624,0.449111339,1
0.224965744,0.818632771,0.008239044,0.992074188,1
0.962158062,0.484287012,0.419548289,0.668143653,1
0.343372886,0.305345819,0.798626239,0.519659398,1
0.184600834,0.064975783,0.967001897,0.998723773,1
0.277320706,0.116024941,0.666234013,0.169008071,-1
0.601725707,0.684928365,0.241330811,0.088765379,-1
0.372729621,0.434949763,0.15151004,0.418059077,-1
0.166675132,0.407857996,0.520914598,0.148780134,-1
0.24838964,0.541510355,0.084160482,0.219952303,-1
0.345145093,0.323428152,0.0998441,0.146276117,-1
0.751060331,0.069531101,0.362070321,0.788629348,1
0.875544985,0.360596819,0.551501428,0.05573735,-1
0.333656011,0.390206963,0.252315539,0.811490526,1
0.903979161,0.206033735,0.891871594,0.12808212,-1
0.218240988,0.906036196,0.211001793,0.467556671,-1
0.929192544,0.919110076,0.200109508,0.107123288,-1
0.445321333,0.266294425,0.471674736,0.175026487,-1
0.91177213,0.39434684,0.617220622,0.95768366,1
0.975004858,0.456575533,0.328902507,0.356095862,-1
0.987478055,0.376733518,0.247947555,0.760936597,1
0.856257981,0.691763785,0.443478203,0.943041722,1
0.339935791,0.041365979,0.10108026,0.816983544,-1
0.533779358,0.27071251,0.82544233,0.841597698,1
0.573714788,0.356053999,0.592912549,0.51435886,1
0.588714199,0.281231728,0.675451733,0.626679744,1
0.143343547,0.118484794,0.309904169,0.058326134,-1
0.170605229,0.697253519,0.971578884,0.175613041,1
0.110927479,0.693414962,0.497780458,0.774912442,1
0.385464128,0.817642645,0.117219772,0.785925584,1
0.758156913,0.12008738,0.500366684,0.064441551,-1
0.726785986,0.619680972,0.032098895,0.898832729,1
0.052125411,0.386046153,0.602899501,0.805866111,1
0.438087073,0.49185582,0.75293021,0.667701024,1
0.903554067,0.983433942,0.951113191,0.260193722,1
0.967808711,0.250855162,0.130464328,0.405694613,-1
0.777650687,0.662404375,0.771913443,0.963464426,1
0.591675244,0.028786039,0.898131462,0.128629482,-1
0.585035496,0.908724972,0.052897661,0.873679381,1
0.287100134,0.297147189,0.000716468,0.206251616,-1
0.948902435,0.48640901,0.288963022,0.194313008,-1
0.2684747,0.383808317,0.043463598,0.077030822,-1
0.438863482,0.035839793,0.677121401,0.942075299,1
0.180783577,0.035929282,0.129602294,0.968562297,-1
0.268750628,0.206802769,0.196269133,0.164993804,-1
0.623516103,0.795939313,0.52169283,0.569674359,1
0.720222187,0.01307621,0.955493337,0.614086954,1
0.324530595,0.198455292,0.427419759,0.505141796,-1
0.219816247,0.131023097,0.979036156,0.17822957,-1
0.00723699,0.87435125,0.478833435,0.368406466,-1
0.455101921,0.287478388,0.186858542,0.291225431,-1
0.530596145,0.586667813,0.267985154,0.107745804,-1
0.779836818,0.586327428,0.576815563,0.95076588,1
0.323816902,0.942776875,0.252096797,0.632618985,1
0.428547015,0.608522807,0.517775513,0.950867456,1
0.486264824,0.028193333,0.447851131,0.60945953,-1
0.177979339,0.489652318,0.597084294,0.54997223,1
0.653677616,0.904912122,0.885605659,0.801895997,1
0.087328837,0.658546861,0.905107247,0.460031297,1
0.296913274,0.597826068,0.641607536,0.900417438,1
0.829716063,0.150547553,0.028078318,0.513565742,-1
0.247266662,0.444633184,0.431146244,0.839327687,1
0.104878969,0.003202281,0.717294281,0.443357015,-1
0.517215553,0.631329997,0.042094175,0.227783471,-1
0.320215031,0.820540702,0.415962693,0.59946304,1
0.88765328,0.438435471,0.837838032,0.114333302,-1
0.173689777,0.582184674,0.147963567,0.916021785,1
0.395237681,0.960033092,0.979714456,0.921594152,1
0.382273179,0.744192436,0.238303736,0.348476641,-1
0.28077386,0.496886184,0.304578895,0.786057568,1
0.340480282,0.009840862,0.761412596,0.695804879,1
0.634867353,0.982787815,0.427972814,0.468094789,1
0.998475327,0.680776729,0.126123217,0.106119567,-1
0.310092056,0.601158243,0.10917463,0.271644528,-1
0.660331396,0.81244443,0.875128139,0.979054355,1
0.408175144,0.828004396,0.036490108,0.218731106,-1
0.720420439,0.492424207,0.601894457,0.424629621,1
0.579541339,0.436291464,0.869468141,0.91583754,1
0.112276507,0.752834343,0.153292825,0.280972655,-1
0.041934714,0.67699508,0.659108833,0.011820444,-1
0.093200288,0.168943268,0.124113631,0.721773658,-1
0.740583205,0.061458438,0.284623685,0.421989555,-1
0.931945286,0.224212751,0.037231882,0.114731098,-1
0.588602765,0.346412072,0.585201719,0.193925303,-1
0.915765523,0.946272298,0.600821906,0.455454819,1
0.466219604,0.163327146,0.749858662,0.947001344,1
0.913118157,0.300089828,0.458716409,0.93978399,1
0.859408095,0.057561211,0.284520387,0.594914359,-1
0.152918307,0.267967572,0.342012228,0.840361651,1
0.826728097,0.747023554,0.070972057,0.376349952,-1
0.261504337,0.761676993,0.019043592,0.033684762,-1
0.615550582,0.898053417,0.04566219,0.257941074,-1
0.212983753,0.694155804,0.4047153,0.760179802,1
0.972501899,0.91439122,0.971170495,0.230057298,1
0.228512716,0.445416774,0.577883595,0.958643028,1
0.400964813,0.407974454,0.113968625,0.665377327,-1
0.946194931,0.645794505,0.99941775,0.306423576,1
0.232732258,0.474391517,0.639173303,0.090861205,-1
0.375668547,0.669382994,0.923770777,0.918016627,1
0.401417564,0.631178306,0.186311604,0.435652744,-1
0.250082461,0.481493311,0.853332896,0.507272948,1
0.231982743,0.293743924,0.399688479,0.060606733,-1
0.393046261,0.516187302,0.897536806,0.702220167,1
0.393754201,0.961563464,0.152766921,0.649549601,1
0.629270853,0.073419788,0.06762902,0.116530202,-1
0.403553086,0.866377359,0.828041481,0.348046205,1
0.584999629,0.320048302,0.863216918,0.72795633,1
0.711075272,0.694488364,0.292206175,0.372359539,-1
0.447962821,0.354945945,0.988146422,0.091602455,-1
0.450413817,0.136848799,0.140988097,0.679454175,-1
0.386470553,0.955679532,0.670960566,0.924676171,1
0.399624506,0.443482243,0.378838409,0.188308342,-1
0.863392847,0.562691739,0.859134484,0.639416306,1
0.554492955,0.862885428,0.945742657,0.473463586,1
0.523157713,0.776652541,0.506477719,0.472174679,1
0.993169503,0.832407652,0.406732698,0.813655039,1
0.678531227,0.145621786,0.279540009,0.959170867,1
0.385095999,0.05220658,0.679252818,0.971529371,1
0.678826325,0.300891308,0.271552055,0.643227842,-1
0.580656339,0.123230882,0.889352946,0.104871568,-1
0.60231986,0.563851554,0.73137808,0.060835416,-1
0.207240468,0.258781706,0.319752181,0.765425745,-1
0.092919355,0.689556546,0.941136143,0.028309256,-1
0.655721021,0.449819277,0.699716682,0.288297938,-1
0.640686247,0.773680637,0.202622,0.413183436,-1
0.282597823,0.726760161,0.184672918,0.484369948,-1
0.984227368,0.496082572,0.598145322,0.407758365,1
0.711860374,0.854479839,0.153806356,0.42607079,-1
0.870442974,0.995672374,0.022593208,0.084873111,-1
0.009952269,0.818414039,0.216835577,0.047355455,-1
0.408545474,0.551176883,0.408886107,0.518459744,-1
0.359535738,0.516728667,0.354320041,0.429641241,-1
0.5118986,0.656789537,0.237782322,0.002753394,-1
0.847608272,0.093416851,0.983914722,0.828905339,1
0.921441006,0.619849392,0.638196843,0.780102659,1
0.36481032,0.707588626,0.273356478,0.105404661,-1
0.951807605,0.349523805,0.641892041,0.677690797,1
0.272642033,0.120193235,0.516478799,0.502042271,-1
0.336182014,0.784228996,0.554733581,0.22678404,-1
0.806559245,0.838540626,0.909566778,0.662610061,1
0.948688553,0.940081265,0.568851259,0.472719646,1
0.607706363,0.224684242,0.03226767,0.90543171,-1
0.292749868,0.020577732,0.015001338,0.723464686,-1
0.966361753,0.057542462,0.048510595,0.549119464,-1
0.214548734,0.528855744,0.915884597,0.712669471,1
0.3450877,0.839368099,0.685170282,0.852201876,1
0.348635779,0.502082926,0.878269139,0.648044461,1
0.116022216,0.094774276,0.833058107,0.652491404,1
0.816641884,0.031926327,0.370168858,0.545606322,-1
0.910150141,0.176324926,0.676568433,0.15755882,-1
0.152532748,0.106200354,0.167438021,0.128685815,-1
0.485475691,0.262637717,0.811040784,0.576550104,1
0.010295704,0.58838879,0.776624409,0.9416101,1
0.568145956,0.509213168,0.274364758,0.767255458,1
0.328540472,0.84404887,0.533494041,0.404067445,1
0.358328303,0.117889578,0.147765434,0.021019529,-1
0.361102009,0.714079106,0.597106619,0.257356741,-1
0.678777486,0.779300023,0.924652319,0.898121047,1
0.596991375,0.988934109,0.056391166,0.034388274,-1
0.936411064,0.41243418,0.546610214,0.847539083,1
0.613548401,0.273221221,0.019491629,0.897216279,-1
0.165844549,0.376384333,0.862055674,0.197562254,-1
0.428720494,0.361581471,0.275778056,0.987486214,1
0.988897486,0.825679895,0.80579513,0.742086815,1
0.75379859,0.981303943,0.526529469,0.025683865,-1
0.336748202,0.107483386,0.518044599,0.568235408,-1
0.620156601,0.678967712,0.855023236,0.505621778,1
0.311496273,0.241852713,0.906709601,0.83659029,1
0.709484813,0.942683789,0.306145803,0.488935363,1
0.357725513,0.513705756,0.96288524,0.60983396,1
0.283339481,0.975795023,0.546882341,0.573464407,1
0.139296989,0.745357499,0.299591257,0.15103633,-1
0.077353552,0.910580954,0.375401602,0.104189648,-1
0.187975734,0.629995408,0.179467356,0.323045451,-1
0.046785778,0.372046017,0.046940877,0.356300128,-1
0.32437058,0.793671393,0.756927953,0.484560408,1
0.646422133,0.699682948,0.648577274,0.22216012,-1
0.360861187,0.749659223,0.816178928,0.540143459,1
0.582726257,0.417329787,0.017666772,0.067733489,-1
0.679194131,0.456877836,0.50231929,0.82584257,1
0.137268474,0.604715465,0.11767788,0.589062408,-1
0.764687786,0.023182547,0.414820958,0.067759538,-1
0.227845739,0.66901549,0.360342023,0.695686435,1
0.674493465,0.204677717,0.961000188,0.737812981,1
0.34733767,0.640715852,0.094488066,0.675426962,-1
0.719118186,0.743806012,0.051664487,0.749109515,1
0.400226655,0.525309775,0.369623744,0.153751193,-1
0.344422165,0.261820933,0.061939156,0.582750528,-1
0.242842819,0.430828564,0.126272031,0.650968784,-1
0.425777456,0.160934314,0.165265847,0.861803408,-1
0.824858275,0.942114601,0.798542524,0.654180757,1
0.235541339,0.71427883,0.604649748,0.134420535,-1
0.072324265,0.857449232,0.087646042,0.339983199,-1
0.637427143,0.663059675,0.045532629,0.009781782,-1
0.200599926,0.621164185,0.004995882,0.531979356,-1
0.132668015,0.697180799,0.337180717,0.097235271,-1
0.205293573,0.97333505,0.30714161,0.370180765,-1
0.860367152,0.715151801,0.656835495,0.008540468,-1
0.587241136,0.258003789,0.555273976,0.22708747,-1
0.498306043,0.718836406,0.601186477,0.550065058,1
0.064950855,0.81535277,0.217831362,0.538992125,-1
0.646621863,0.426387325,0.12412408,0.88168047,1
0.623509036,0.625771847,0.441850309,0.932245073,1
0.414477306,0.95618121,0.44934315,0.890921715,1
0.540480329,0.633339235,0.514697108,0.987284353,1
0.872228961,0.154293993,0.536563015,0.602266292,1
0.799843774,0.661588489,0.4411377,0.445148663,1
0.880233144,0.139033456,0.286575241,0.043925936,-1
0.481763699,0.601035481,0.120273505,0.654355339,-1
0.560310921,0.41827243,0.433025586,0.628334096,1
0.299002344,0.595790797,0.322691053,0.580439518,-1
0.337026856,0.498802611,0.987781966,0.767551044,1
0.440038917,0.285684559,0.040243646,0.75611467,-1
0.043318846,0.251655505,0.181935539,0.141097613,-1
0.274467587,0.770682245,0.809203576,0.136928773,-1
0.058649197,0.423313618,0.075927351,0.761267617,-1
0.278004741,0.85597163,0.292093727,0.945454465,1
0.827729929,0.589961539,0.39998828,0.739758051,1
0.742443627,0.308952528,0.744327718,0.236465559,-1
0.394008105,0.540403128,0.730025342,0.449495254,1
0.450152351,0.313462607,0.988858054,0.096216384,-1
0.774479767,0.54299762,0.804282716,0.59682427,1
0.513218969,0.041924066,0.17535205,0.100854461,-1
0.101033925,0.202943951,0.642551191,0.571767706,-1
0.004105256,0.282697576,0.909985625,0.902161097,1
0.458410798,0.648469257,0.142394996,0.327849446,-1
0.837678537,0.357781408,0.307765363,0.583228544,-1
0.259991368,0.597953979,0.995810362,0.958017648,1
0.603748764,0.145095252,0.141359549,0.732346424,-1
0.820018094,0.454752636,0.094925392,0.079490505,-1
0.694745878,0.879939802,0.538739218,0.020284189,-1
0.504479452,0.952445839,0.076796204,0.117887325,-1
0.124930239,0.55182472,0.616500542,0.434320439,-1
0.472773775,0.030485723,0.295049575,0.589796543,-1
0.895536796,0.135709176,0.026560208,0.221784006,-1
0.558400693,0.558673507,0.300067643,0.522971324,-1
0.624511419,0.600800715,0.64098576,0.026535744,-1
0.279311275,0.248634464,0.859605541,0.224632515,-1
0.430005663,0.625409771,0.503043168,0.663734052,1
0.317180776,0.591432155,0.658178144,0.710897728,1
0.733554034,0.212958685,0.732114213,0.471391201,1
0.059750736,0.942690329,0.076247421,0.244144421,-1
0.731865648,0.952095697,0.285956602,0.201641623,-1
0.961519963,0.940067463,0.869187197,0.590153903,1
0.775419967,0.492965885,0.355850006,0.970307345,1
0.54544675,0.282655467,0.141197449,0.803172247,-1
0.787564134,0.922042635,0.698491563,0.870259859,1
0.8419575,0.527850663,0.740785565,0.574563156,1
0.159567225,0.109524762,0.393074671,0.47224174,-1
0.941439729,0.968471688,0.09212731,0.439516907,-1
0.265094551,0.776155964,0.352805235,0.586225417,1
0.851822957,0.980424876,0.41717982,0.337050536,1
0.710892121,0.088549563,0.330700145,0.053967448,-1
0.088425886,0.962455531,0.004670484,0.81999546,1
0.421806813,0.642633682,0.251967566,0.936479955,1
0.971914768,0.797499598,0.115031392,0.345102452,-1
0.444790761,0.741053857,0.379304444,0.635994746,1
0.133331126,0.109793349,0.9362626,0.553490213,1
0.93957841,0.086424163,0.405434138,0.821841083,1
0.819041595,0.17664385,0.433336722,0.494551461,-1
0.930196563,0.765601567,0.766511082,0.239017967,1
0.970395867,0.112960441,0.074114514,0.089847331,-1
0.876265374,0.468049132,0.282445699,0.277674414,-1
0.780322843,0.183028807,0.185784758,0.959150025,1
0.830988357,0.489339105,0.299271705,0.531694341,-1
0.651876956,0.057885503,0.114968864,0.391043701,-1
0.594504759,0.511812075,0.87961725,0.377679856,1
0.239723494,0.190882787,0.321981068,0.921328299,1
0.221972206,0.417256827,0.656678078,0.994345398,1
0.607136496,0.793686986,0.420849654,0.566241966,1
0.006912147,0.87407279,0.063782412,0.97739428,1
0.027872278,0.812295144,0.990160479,0.526736848,1
0.864943034,0.116198118,0.420824039,0.870328597,1
0.267835144,0.722942781,0.649681034,0.970174482,1
0.47441525,0.348839243,0.16383523,0.121232075,-1
0.334414487,0.545892869,0.481250448,0.465426386,-1
0.885770281,0.4790305,0.224688031,0.711650122,1
0.317913466,0.998279094,0.873677867,0.997679879,1
0.113204467,0.760653922,0.252482745,0.821855419,1
0.329372205,0.61440308,0.259086931,0.248038258,-1
0.82522133,0.350361792,0.752089438,0.613043488,1
0.704947309,0.353259033,0.867685305,0.852930354,1
0.801584442,0.659607895,0.403366538,0.260538667,-1
0.131478043,0.223458755,0.398877494,0.694715827,-1
0.439680933,0.277022422,0.635681149,0.370826535,-1
0.140511124,0.299416488,0.533718462,0.419385312,-1
0.788663384,0.981305653,0.443040589,0.595869413,1
0.105240365,0.929061889,0.764807266,0.404680452,1
0.983356579,0.418968689,0.102673733,0.684314977,-1
0.697975374,0.117038924,0.663887706,0.146578327,-1
0.311747996,0.667934728,0.474682304,0.166421375,-1
0.398342587,0.037621741,0.675100943,0.867610281,1
0.170712432,0.594735674,0.445671243,0.970494207,1
0.705714707,0.026788004,0.676927272,0.07977919,-1
0.578336246,0.216516198,0.710358393,0.851237008,1
0.066519167,0.323743854,0.696758697,0.436090044,-1
0.447339515,0.217534013,0.879109055,0.550455891,1
0.391334089,0.536296262,0.409114284,0.635372797,1
0.266477192,0.489571606,0.849536292,0.681848087,1
0.307187978,0.789820091,0.951830549,0.106990524,1
0.185433199,0.066651304,0.486753148,0.434143188,-1
0.967237232,0.786168726,0.154129482,0.695189933,1
0.323003355,0.546728742,0.486287107,0.587265407,1
0.724302424,0.636062984,0.178781894,0.36834059,-1
0.403290394,0.618274988,0.479213816,0.335753521,-1
0.841964317,0.227798799,0.35843376,0.50873495,-1
0.994191909,0.532908928,0.177981622,0.776814652,1
0.389597031,0.174007093,0.684025899,0.531174204,-1
0.273208061,0.059504605,0.329941072,0.026116288,-1
0.469859219,0.096194635,0.903899573,0.60826272,1
0.711698608,0.648492026,0.804587207,0.471511841,1
0.433461894,0.990102136,0.88111035,0.829118635,1
0.857572455,0.731532652,0.129189383,0.801033589,1
0.30082807,0.255877348,0.884232146,0.939731639,1
0.385063644,0.074454977,0.579298919,0.263719767,-1
0.902496889,0.989781413,0.201876976,0.42789485,1
0.727352071,0.308215357,0.550473384,0.367721367,-1
0.46182379,0.62629901,0.476129678,0.434225605,-1
0.617620989,0.986791557,0.914006795,0.85409805,1
0.553478896,0.291766775,0.538253346,0.859422854,1
0.516753634,0.590986083,0.308341484,0.37482293,-1
0.447684129,0.97034861,0.909753787,0.630485053,1
0.954443423,0.189887807,0.755163217,0.911479538,1
0.272670713,0.682258556,0.226952075,0.258962274,-1
0.906082041,0.48016824,0.003268224,0.602407832,-1
0.713151964,0.506475016,0.031468915,0.252386755,-1
0.648561141,0.815916947,0.421488337,0.083296557,-1
0.820154745,0.907200849,0.644301992,0.318501263,1
0.847676165,0.297608844,0.930293091,0.51890626,1
0.679115206,0.59647387,0.67900171,0.151053996,-1
0.96089772,0.845434393,0.825026824,0.715535651,1
0.374675327,0.351793347,0.127875197,0.204352272,-1
0.416744505,0.743514151,0.923989153,0.324054356,1
0.748838208,0.031879046,0.853479383,0.23604765,-1
0.54427611,0.150988886,0.102453414,0.577674585,-1
0.436165645,0.701631837,0.601436423,0.214191237,-1
0.671741567,0.765658094,0.932086405,0.053244908,1
0.646957223,0.603941732,0.573494599,0.212821432,-1
0.154542551,0.694961188,0.006041496,0.031578876,-1
0.236441089,0.576832004,0.454072975,0.873226103,1
0.210634514,0.16266055,0.840092541,0.425052104,-1
0.607116187,0.811456969,0.589804565,0.155529059,-1
0.340567687,0.674276154,0.719385247,0.348387819,1
0.23863221,0.183098764,0.5571229,0.132612976,-1
0.883198727,0.009196566,0.107502564,0.781965038,-1
0.784568863,0.15494951,0.516482094,0.257073371,-1
0.949657276,0.840522217,0.104813109,0.141644722,-1
0.889284429,0.597173426,0.612016929,0.484148338,1
0.070856444,0.083991929,0.142350757,0.516544252,-1
0.258643005,0.777522205,0.179998203,0.023312314,-1
0.324062716,0.347872199,0.549671004,0.253401672,-1
0.988332258,0.299783433,0.008539847,0.610080936,-1
0.824273444,0.199529484,0.122579012,0.934989854,1
0.072222521,0.631627575,0.194150232,0.837889296,1
0.227177154,0.785269677,0.506770472,0.822657179,1
0.639858074,0.379953647,0.1211976,0.47512697,-1
0.598685634,0.245328522,0.278489654,0.725409004,-1
0.71515933,0.741487731,0.840743028,0.997662152,1
0.942288566,0.078201218,0.782112613,0.625808438,1
0.313188262,0.715848858,0.38790813,0.096945061,-1
0.921481282,0.423704667,0.837615856,0.728371052,1
0.781623807,0.264950702,0.251308992,0.172998458,-1
0.83869753,0.07022281,0.033903342,0.455874666,-1
0.454726764,0.666084022,0.627033144,0.986642222,1
0.421436951,0.82068704,0.196035042,0.474669416,-1
0.754956573,0.150751411,0.664831684,0.84158795,1
0.861784781,0.962195269,0.142720587,0.916987378,1
0.851035106,0.547302429,0.645643995,0.894578644,1
0.857279084,0.97577477,0.035011832,0.586415063,1
0.861135479,0.052643792,0.917267795,0.450537592,1
0.109088674,0.295645481,0.457948495,0.082106189,-1
0.376006659,0.446775833,0.458932573,0.389729612,-1
0.847722649,0.881442035,0.873981331,0.457976183,1
0.769227463,0.033633009,0.145729783,0.195226904,-1
0.47700032,0.602204307,0.240317608,0.245033923,-1
0.360416393,0.342682817,0.140298477,0.4015108,-1
0.002106504,0.157964014,0.35186038,0.668829783,-1
0.053857651,0.379277398,0.257582231,0.083137294,-1
0.072127365,0.754721618,0.571643694,0.102973192,-1
0.214037793,0.715807134,0.099023325,0.745115111,-1
0.17071896,0.318522716,0.718930267,0.886409092,1
0.185219656,0.302105167,0.740366271,0.797179406,1
0.045235197,0.397713686,0.613406057,0.764273886,1
0.283933434,0.359478452,0.191057653,0.435144167,-1
0.395177503,0.897305982,0.827190125,0.43749024,1
0.387102046,0.832368178,0.155208771,0.044670312,-1
0.246431792,0.560854206,0.463862722,0.455329029,-1
0.979395273,0.253426104,0.667857249,0.317193883,-1
0.525964923,0.106616749,0.16200834,0.771020023,-1
0.532955596,0.633494188,0.501840414,0.733141895,1
0.316869539,0.18526585,0.227234906,0.726555118,-1
0.276044828,0.149711393,0.048558018,0.054067883,-1
0.028529048,0.108640476,0.559325604,0.866616969,1
0.990168407,0.452823104,0.091722221,0.989753316,1
0.377807255,0.862511998,0.960125156,0.646604949,1
0.464492064,0.743870167,0.265263025,0.261985079,-1
0.644550023,0.261059195,0.482957651,0.796019432,1
0.138319115,0.226725681,0.715818379,0.826004427,1
0.212588395,0.667032608,0.567283104,0.509817691,1
0.193161202,0.086359413,0.278277397,0.928637697,-1
0.899841943,0.647255127,0.752049785,0.647365332,1
0.293347825,0.463010501,0.355977895,0.305596518,-1
0.735406733,0.189041561,0.517967796,0.129425443,-1
0.125404911,0.812490106,0.796807722,0.785116331,1
0.34424587,0.36521913,0.63921352,0.674022569,1
0.450383274,0.904769767,0.149267761,0.438698572,-1
0.123729833,0.167725636,0.416157876,0.02849222,-1
0.69520431,0.582527067,0.036256143,0.792813047,1
0.316067473,0.881943113,0.14147623,0.256157785,-1
0.073047937,0.942620111,0.426432608,0.14587928,-1
0.131828202,0.029483359,0.724290703,0.947271399,1
0.860132635,0.680999846,0.690522634,0.447100311,1
0.73794039,0.647766411,0.143395942,0.983155533,1
0.17987025,0.717545821,0.811366258,0.171261503,-1
0.975308791,0.816334599,0.335189657,0.850646133,1
0.275261038,0.374537542,0.754211844,0.632395962,1
0.129201621,0.762696352,0.712749595,0.40335221,1
0.786527241,0.320950149,0.79770035,0.219257242,-1
0.939815755,0.584595531,0.759568908,0.396910821,1
0.993366302,0.214489688,0.576180954,0.106829084,-1
0.31093628,0.610953581,0.04478219,0.087330472,-1
0.329837635,0.474259839,0.690444243,0.100640971,-1
0.851364502,0.690333391,0.566284769,0.674680019,1
0.734779665,0.89917849,0.006654431,0.404447376,-1
0.466796265,0.243625302,0.543968156,0.398794206,-1
0.561786705,0.910739137,0.182207435,0.266867613,-1
0.7090903,0.746757258,0.657364872,0.649331048,1
0.840158001,0.043438656,0.532436923,0.658872287,1
0.485374104,0.41958267,0.250316161,0.539430327,-1
0.651864112,0.932169509,0.083535752,0.361541388,-1
0.031192676,0.288701123,0.209846441,0.010386535,-1
0.269458626,0.453101081,0.54475556,0.102308142,-1
0.759913233,0.4648186,0.067248641,0.684163639,-1
0.485995973,0.863051341,0.976892555,0.667941789,1
0.714856877,0.429355498,0.36645488,0.361243153,-1
0.26039896,0.752076623,0.134262881,0.243811531,-1
0.871135943,0.36036223,0.498087277,0.273211006,-1
0.400352433,0.374983865,0.813816223,0.581512941,1
0.460933624,0.044403804,0.007153958,0.9426528,-1
0.509682301,0.459696228,0.057731675,0.980727201,1
0.828970253,0.718926305,0.848175688,0.7773411,1
0.838311961,0.903879546,0.724785147,0.486222587,1
0.06415842,0.268719798,0.183598815,0.331362463,-1
0.99027097,0.865963657,0.770972952,0.147196696,1
0.798956966,0.560443706,0.099670572,0.502745959,-1
0.668863645,0.632669202,0.561321497,0.663696952,1
0.119691653,0.340782286,0.048523058,0.805319037,-1
0.767988058,0.302377054,0.672508315,0.25364601,-1
0.489118145,0.046649406,0.916032562,0.251930609,-1
0.946760762,0.079963364,0.362091183,0.316845321,-1
0.430729047,0.655975617,0.952527976,0.421158484,1
0.623068259,0.584864069,0.483248032,0.907027012,1
0.780185692,0.531846454,0.907247585,0.265193466,1
0.993564539,0.224267614,0.691665666,0.764639214,1
0.175149273,0.961135573,0.144813116,0.251938569,-1
0.624958521,0.789158161,0.795203186,0.014029608,-1
0.530568903,0.566730368,0.396093392,0.509882108,-1
0.393015348,0.258695996,0.104121689,0.728677213,-1
0.29337089,0.412894686,0.03751118,0.599721447,-1
0.428214538,0.85248348,0.889734515,0.535289225,1
0.933781207,0.794297864,0.069665372,0.130011571,-1
0.085937241,0.801281156,0.185015004,0.041608972,-1
0.32134424,0.269349303,0.174384059,0.05854121,-1
0.00157451,0.784849517,0.480747272,0.174446508,-1
0.301204338,0.613214021,0.349048156,0.910507873,1
0.697141235,0.293296454,0.756344918,0.384085331,1
0.477413354,0.56377197,0.67742438,0.420831558,1
0.002749135,0.439704886,0.127358589,0.854551123,-1
0.348407841,0.21393944,0.446214146,0.090414853,-1
0.759802931,0.922587223,0.586208742,0.966658415,1
0.248334684,0.859893867,0.648069855,0.943201029,1
0.351779208,0.714328994,0.779850452,0.774761417,1
0.270267548,0.978481173,0.184292609,0.793033094,1
0.910240538,0.717706103,0.350310029,0.359938963,-1
0.424030897,0.108840349,0.099813412,0.139355792,-1
0.356913045,0.544940352,0.004775293,0.919938623,1
0.701041246,0.265035146,0.630420436,0.193205998,-1
0.292800695,0.097767817,0.44267969,0.338908452,-1
0.690981968,0.458646887,0.078629399,0.274558767,-1
0.130239536,0.68216089,0.717750593,0.609142315,1
0.378017786,0.837579172,0.162802423,0.414363365,-1
0.432155799,0.621845834,0.798357957,0.542857604,1
0.40747302,0.761173346,0.152167965,0.224776357,-1
0.677674603,0.616984254,0.352194837,0.345813207,-1
0.196905463,0.679585183,0.316214711,0.125512896,-1
0.834358781,0.15786345,0.200266567,0.789614642,-1
0.754765604,0.514474774,0.089002661,0.569901425,-1
0.184740206,0.148167205,0.46036072,0.91584235,1
0.96533868,0.348413189,0.877254916,0.001141046,-1
0.828438762,0.518375075,0.131615275,0.432678203,-1
0.400424912,0.622011043,0.625664013,0.8874249,1
0.161046954,0.017064864,0.759497756,0.22349432,-1
0.426221028,0.710625649,0.09366696,0.334006945,-1
0.417090936,0.556369493,0.864453367,0.676907381,1
0.488124046,0.706605015,0.295013428,0.45095358,-1
0.056761576,0.457566048,0.017675526,0.86909067,-1
0.976686056,0.468378497,0.704771873,0.867235644,1
0.37474195,0.693751349,0.803897454,0.981675143,1
0.004706589,0.51430549,0.647988691,0.524980366,1
0.214340519,0.758784962,0.423798825,0.722359885,1
0.758456952,0.137045085,0.750035787,0.162116909,-1
0.081272015,0.105157103,0.357566783,0.93039138,1
0.82528872,0.193311204,0.450752285,0.697313202,1
0.268810891,0.188165486,0.336345945,0.995360083,1
0.04538641,0.384229279,0.362806397,0.068015853,-1
0.82967501,0.029761707,0.849757316,0.195301834,-1
0.987182138,0.483112093,0.689273795,0.940568943,1
0.359880034,0.872654306,0.555361365,0.568880732,1
0.103957918,0.890323974,0.006249125,0.110801618,-1
0.595937826,0.933732259,0.249885827,0.476469151,1
0.99341903,0.099004107,0.463377646,0.344138421,-1
0.769154949,0.485599147,0.512234076,0.576229609,1
0.952529726,0.140771259,0.858514243,0.866200382,1
0.509420192,0.495984877,0.734735277,0.543842322,1
0.84575284,0.83702835,0.021792801,0.498311272,-1
0.695102733,0.810180497,0.3041662,0.63447893,1
0.512016242,0.639901045,0.354032698,0.761320741,1
0.564268622,0.255228975,0.083698029,0.439990543,-1
0.333584019,0.714968055,0.491249368,0.273903278,-1
0.355393555,0.648460572,0.738906409,0.982865037,1
0.375326596,0.754171563,0.588406896,0.447332008,1
0.463588424,0.575453217,0.730521466,0.179036414,-1
0.386994019,0.029122531,0.14462074,0.97211093,-1
0.047489551,0.13184118,0.6826449,0.87153972,1
0.650382891,0.695569108,0.772535577,0.96483332,1
0.424207004,0.928888734,0.758466053,0.479385175,1
0.285398329,0.5699089,0.14178297,0.133606048,-1
0.617850559,0.680959682,0.433615374,0.254457479,-1
0.364705986,0.740480984,0.089372877,0.510160378,-1
0.073369212,0.520416916,0.249554659,0.109574747,-1
0.977679164,0.485905903,0.476245442,0.513445388,1
0.304588056,0.661579806,0.269328616,0.752425417,1
0.745827742,0.404455669,0.242870838,0.408188466,-1
0.005277863,0.651947551,0.515521826,0.883310746,1
0.915593941,0.585294842,0.147448173,0.349859652,-1
0.286740067,0.389674107,0.571726026,0.453305429,-1
0.206157728,0.794035298,0.604824799,0.57564066,1
0.335272608,0.24350682,0.166517953,0.98823796,1
0.047902518,0.067898891,0.635077682,0.200413466,-1
0.319014934,0.549877517,0.35289332,0.023931408,-1
0.711449599,0.819883753,0.177768789,0.507447424,-1
0.816053268,0.481561311,0.846297776,0.769434342,1
0.097677561,0.536681544,0.931206766,0.58537792,1
0.38430005,0.783294992,0.19084105,0.217510709,-1
0.635900775,0.421694539,0.435617504,0.656233651,1
0.148544285,0.151973379,0.68597575,0.055446514,-1
0.820388841,0.882352978,0.334946482,0.463683668,1
0.441202337,0.102518645,0.424867652,0.894270247,1
0.404666667,0.590034695,0.624086111,0.646339387,1
0.600681529,0.005244104,0.370879569,0.530773018,-1
0.168542712,0.951240575,0.216641594,0.107860843,-1
0.004901703,0.606510595,0.130036259,0.18425347,-1
0.474570709,0.220280986,0.352919143,0.013780503,-1
0.297402728,0.751700095,0.965033088,0.908701572,1
0.538658001,0.156579851,0.208640717,0.194372048,-1
0.549598746,0.218007792,0.640296535,0.671174461,1
0.453791437,0.083804637,0.561959715,0.41355556,-1
0.795122754,0.534280398,0.88779988,0.908406583,1
0.526359591,0.443382053,0.52967243,0.175744653,-1
0.970837943,0.416105058,0.639782777,0.726235419,1
0.411307873,0.45156085,0.19309033,0.485705108,-1
0.803975024,0.976579742,0.687218697,0.290213164,1
0.865370918,0.267034655,0.399858582,0.250908666,-1
0.595987574,0.186672612,0.091819543,0.370813776,-1
0.676884452,0.155239347,0.150076516,0.821529683,-1
0.171100267,0.153804389,0.504562071,0.452933899,-1
0.476186644,0.495791026,0.753396068,0.500146413,1
0.481157641,0.663264308,0.525166036,0.296925179,-1
0.488263901,0.084296834,0.374649308,0.347184619,-1
0.800206764,0.397305495,0.705938304,0.001060292,-1
0.98283702,0.181172849,0.447030523,0.924368614,1
0.645139311,0.661875276,0.146724459,0.685374797,1
0.937083275,0.589285594,0.756445129,0.708585428,1
0.845113381,0.119370092,0.48370766,0.991964839,1
0.842531101,0.717288222,0.902386013,0.6234599,1
0.144316641,0.061219233,0.863189755,0.828604966,1
0.235146022,0.618516352,0.938475206,0.864753235,1
0.617271411,0.325009186,0.771370104,0.399109361,1
0.272681172,0.938415612,0.449118461,0.482259819,1
0.890798933,0.236986876,0.006624796,0.661976257,-1
0.796300782,0.389420696,0.213589841,0.619992035,-1
0.866934458,0.892088285,0.6857033,0.294137385,1
0.782146785,0.33070903,0.068538733,0.247203121,-1
0.468401526,0.937478707,0.96760704,0.971587202,1
0.322037125,0.837593256,0.832089412,0.098189176,-1
0.729532362,0.132876917,0.780789603,0.316034653,-1
0.259603065,0.815740166,0.15354561,0.449241008,-1
0.461786757,0.925431642,0.076366231,0.66161003,1
0.836354991,0.876736193,0.150863867,0.59905357,1
0.842639292,0.045815975,0.984679007,0.911958881,1
0.331774815,0.809000967,0.255723878,0.818138779,1
0.127813518,0.277044201,0.510551327,0.09777537,-1
0.192324766,0.941329464,0.791470825,0.817909024,1
0.90776704,0.415252544,0.92869659,0.645503096,1
0.128456548,0.706769986,0.259022238,0.189802475,-1
0.032727133,0.917587341,0.25502011,0.251124562,-1
0.359048592,0.042586224,0.872164428,0.299842081,-1
0.12791506,0.074259573,0.441918648,0.395936625,-1
0.077066599,0.571884323,0.066562514,0.727553715,-1
0.451749739,0.713501981,0.161586332,0.4263336,-1
0.780389262,0.298976673,0.587794248,0.097965978,-1
0.443491791,0.668558851,0.714905056,0.769085437,1
0.402214551,0.513227489,0.461613649,0.517576725,-1
0.413317895,0.815965814,0.517098987,0.634509002,1
0.517810497,0.928022022,0.422280615,0.614805096,1
0.978249522,0.067718543,0.285305756,0.83353955,1
0.159257188,0.363727814,0.637488023,0.319236923,-1
0.930367927,0.247780777,0.269037256,0.359123514,-1
0.930959532,0.346992967,0.987363114,0.679010432,1
0.713005106,0.612483689,0.736573238,0.938017836,1
0.186093122,0.84345296,0.730215282,0.211978233,-1
0.576108217,0.884720139,0.458651252,0.845995091,1
0.997778394,0.966894102,0.119147709,0.513820634,1
0.783732797,0.063438966,0.115386743,0.897617749,-1
0.538661028,0.915148294,0.421345572,0.105074406,-1
0.954627906,0.942795991,0.393177488,0.671158947,1
0.268709412,0.571470304,0.835798897,0.789080164,1
0.731134143,0.229419981,0.035416797,0.709911253,-1
0.023422746,0.179875352,0.005413414,0.114140595,-1
0.492123292,0.381603405,0.264160292,0.653038915,-1
0.693276222,0.253891343,0.175908114,0.885720848,1
0.752466182,0.810829344,0.799461324,0.992293188,1
0.690112496,0.410406655,0.566593472,0.058311429,-1
0.224523132,0.883897496,0.168910438,0.425324381,-1
0.807321502,0.133770961,0.187069679,0.751613044,-1
0.256409184,0.243013788,0.121984601,0.581988324,-1
0.398033453,0.570033114,0.159079467,0.58199185,-1
0.507294138,0.321559647,0.74213222,0.236959028,-1
0.019182702,0.327176679,0.584195492,0.977692698,1
0.2717552,0.574858564,0.284090279,0.990123362,1
0.81918294,0.914440296,0.135717487,0.655086944,1
0.823207889,0.868109143,0.854750251,0.795647648,1
0.983087013,0.892286569,0.847099765,0.973270525,1
0.510698651,0.667755375,0.802959753,0.651270123,1
0.491487481,0.024309777,0.019424937,0.455617031,-1
0.11385042,0.167916468,0.086967205,0.221287278,-1
0.298046815,0.723349256,0.77688501,0.369429565,1
0.137510232,0.250100095,0.947787101,0.15986618,-1
0.785428969,0.866301847,0.561926389,0.888624261,1
0.31065574,0.222274508,0.932583772,0.425728887,1
0.020536875,0.615603391,0.780660556,0.029417377,-1
0.543375358,0.612476522,0.684241865,0.934919182,1
0.991244522,0.902483918,0.941612067,0.485275894,1
0.678178408,0.978682419,0.879490902,0.004401116,1
0.232671997,0.139004134,0.844128767,0.756077976,1
0.336849222,0.250108897,0.258213753,0.822325745,-1
0.130104089,0.887073862,0.881542662,0.347257676,1
0.740014029,0.837754088,0.849810582,0.850738763,1
0.792450256,0.082236703,0.022998819,0.042083296,-1
0.816606869,0.974559621,0.26099411,0.262560808,-1
0.440106773,0.542550481,0.722648856,0.81200737,1
0.273206734,0.772145729,0.582820555,0.508806596,1
0.426309029,0.165771405,0.980191082,0.718037142,1
0.274500791,0.808157595,0.262683322,0.284094837,-1
0.037817329,0.200794366,0.606009278,0.986627035,1
0.975620053,0.567219832,0.21637036,0.357828368,-1
0.065276027,0.530187328,0.665782481,0.651329842,1
0.344732501,0.628840151,0.476236213,0.024981244,-1
0.119228682,0.205305407,0.098370726,0.31931916,-1
0.297654709,0.632696799,0.138476975,0.630684694,-1
0.371305024,0.510660372,0.704381694,0.865489449,1
0.3470258,0.748989275,0.969530799,0.018441095,-1
0.912389493,0.052776468,0.063776489,0.257395511,-1
0.901263248,0.241172523,0.98243467,0.448480085,1
0.257598891,0.11223866,0.459653166,0.651555538,-1
0.731610058,0.370168199,0.122259059,0.92123464,1
0.271628826,0.70541849,0.598225405,0.208095764,-1
0.195314602,0.237806067,0.067667821,0.650613121,-1
0.921722063,0.063322231,0.471931131,0.875813492,1
0.232155336,0.400801225,0.40680069,0.000800262,-1
0.94200035,0.393719988,0.24124237,0.153723736,-1
0.283415024,0.259608755,0.790529259,0.382613227,-1
0.815977106,0.839570188,0.839493946,0.1402222,1
0.878521718,0.866764564,0.290162035,0.759015106,1
0.843589744,0.016527539,0.244864538,0.612296394,-1
0.958292312,0.225990414,0.93785516,0.413431708,1
0.964495757,0.372487659,0.995032604,0.052750688,-1
0.272435069,0.109768221,0.54932804,0.575296883,-1
0.200734621,0.405483151,0.800238916,0.153713093,-1
0.085201714,0.958374622,0.821677119,0.059083373,-1
0.864075411,0.513683118,0.591904697,0.476947566,1
0.745418035,0.407121997,0.902424435,0.049124834,-1
0.007912428,0.733568352,0.261970643,0.378218135,-1
0.962482389,0.904237649,0.363028031,0.435136126,1
0.770019471,0.089023599,0.540538756,0.025701513,-1
0.6593343,0.967995649,0.797709946,0.756079605,1
0.186637617,0.182480971,0.977301584,0.484646708,1
0.418903176,0.992067408,0.046777799,0.146939148,-1
0.282004167,0.535225053,0.973688832,0.318019163,1
0.092304955,0.149658606,0.478186315,0.55112778,-1
0.367313245,0.841196913,0.950356559,0.661656043,1
0.095062315,0.869851656,0.851905434,0.860668767,1
0.519231329,0.737110689,0.028589534,0.272498348,-1
0.281881908,0.563674472,0.038731974,0.576954137,-1
0.150473838,0.911423077,0.054382613,0.61975457,-1
0.061029853,0.762767845,0.268502115,0.046798658,-1
0.433581658,0.375672535,0.400412329,0.691389721,1
0.093919376,0.503931626,0.743805171,0.822122569,1
0.44601397,0.610230897,0.358536458,0.212400596,-1
0.749049727,0.009592472,0.936554376,0.514153011,1
0.263221232,0.155021924,0.476737719,0.167313314,-1
0.539021633,0.373431844,0.160632345,0.918130584,1
0.005832484,0.392455127,0.067413235,0.18868203,-1
0.265741981,0.362878991,0.791291114,0.369414145,-1
0.620855891,0.596056531,0.285680845,0.120518599,-1
0.639484134,0.189635858,0.779738632,0.133461837,-1
0.803970782,0.80668658,0.243356807,0.29016673,-1
0.51671896,0.541275925,0.910323885,0.304229517,1
0.335402596,0.251853832,0.553184016,0.666809838,1
0.205836975,0.192174439,0.987559259,0.620744889,1
0.432007427,0.703262035,0.071650513,0.411924737,-1
0.015963029,0.150099395,0.864753809,0.819563619,1
0.992427745,0.959876959,0.676488357,0.939875753,1
0.228947755,0.327019163,0.238726421,0.02460282,-1
0.445188683,0.941650908,0.880763262,0.381257894,1
0.148862069,0.458144436,0.70753571,0.647261792,1
0.195829872,0.212067168,0.685178662,0.765025148,1
0.938933232,0.57663632,0.527394584,0.13024718,-1
0.501725719,0.626421172,0.547285723,0.502795969,1
0.561029436,0.529544752,0.422274651,0.792968764,1
0.442048299,0.534791582,0.817469392,0.505568123,1
0.44390948,0.086065872,0.082946608,0.876574755,-1
0.726431472,0.068492453,0.313941688,0.694714416,-1
0.986872035,0.692886075,0.746442609,0.822094107,1
0.552438465,0.191408324,0.670113695,0.781980518,1
0.492004468,0.768601359,0.995554097,0.019582276,1
0.748656065,0.951319078,0.299689448,0.818218066,1
0.215850629,0.88574321,0.068896621,0.29054286,-1
0.991088401,0.508032554,0.98164252,0.195898719,1
0.653197534,0.680684791,0.58992343,0.475393864,1
0.561879641,0.918493386,0.293692146,0.651658114,1
0.688435792,0.820783784,0.379951096,0.556663384,1
0.000100776,0.64076486,0.396591296,0.065448747,-1
0.660788925,0.934310011,0.7318146,0.603589738,1
0.330055828,0.080888922,0.907660554,0.529965105,1
0.269589581,0.815932474,0.408464627,0.082590169,-1
0.260570599,0.17948103,0.442821935,0.313418457,-1
0.031913416,0.409017048,0.674765122,0.368101294,-1
0.862984933,0.989018097,0.903457123,0.019402732,1
0.697264256,0.035712596,0.870944484,0.609583527,1
0.756077225,0.428129336,0.73773488,0.459507032,1
0.622636945,0.096779861,0.392599072,0.463020778,-1
0.752907764,0.915801397,0.215622736,0.497494332,1
0.616167125,0.995344045,0.454843016,0.579035797,1
0.257575295,0.386260718,0.222618353,0.398280036,-1
0.16870997,0.352228538,0.687143652,0.154780577,-1
0.439138993,0.264397613,0.199306271,0.020608067,-1
0.310072741,0.675253833,0.430577183,0.303050304,-1
0.550258824,0.520862228,0.590684515,0.469608407,1
0.751521332,0.136251374,0.93562826,0.170607046,-1
0.495963722,0.843655467,0.036802495,0.638499316,-1
0.214628875,0.236251333,0.656194631,0.05539279,-1
0.768696308,0.667909042,0.83269112,0.605164608,1
0.733481753,0.344514197,0.676509879,0.82197064,1
0.793281427,0.434853438,0.033472585,0.16846726,-1
0.478198501,0.209383247,0.500591939,0.516794,-1
0.87413277,0.380489175,0.390343344,0.695267837,1
0.795471008,0.407995335,0.760998512,0.020793243,-1
0.73156775,0.080929043,0.067215686,0.144985441,-1
0.995862158,0.988734348,0.804527731,0.875351637,1
0.33156892,0.865737506,0.392390627,0.306615379,-1
0.499567703,0.310798658,0.585121156,0.417066712,-1
0.409779276,0.144463816,0.743559244,0.696964511,1
0.30246489,0.028911128,0.120957641,0.717421323,-1
0.564151638,0.817541916,0.895874875,0.29640434,1
0.526028169,0.06280181,0.457296901,0.941652763,1
0.170555048,0.849956804,0.550533932,0.057230949,-1
0.022700094,0.563944997,0.417451932,0.390522289,-1
0.661774019,0.774553578,0.305248391,0.909759969,1
0.622563391,0.346133917,0.421339747,0.669351549,1
0.627667938,0.981827848,0.304380203,0.140606393,-1
0.493300903,0.942125476,0.45341807,0.245877359,-1
0.587124228,0.782808065,0.379083004,0.059472681,-1
0.835299703,0.905011736,0.828545357,0.430707861,1
0.219082709,0.181530525,0.947483291,0.566282705,1
0.710701151,0.700835387,0.614247118,0.471782777,1
0.58497619,0.608664823,0.094656516,0.015314944,-1
